question,text,hypothesis,label
"What is cloud computing?","Cloud computing is a revolutionary technology that allows businesses to access computing resources over the internet,enabling scalability and flexibility for their applications.","Virtualization,a key component of cloud computing,allows multiple virtual machines to run on a single physical machine,optimizing resource utilization.","entailment"
"How do cloud computing services benefit businesses?","Cloud computing services offer cost-effective solutions for businesses by providing on-demand access to a vast pool of computing resources.","Virtualization technology abstracts hardware resources,enabling multiple operating systems to run on a single physical server.","entailment"
"What is the role of blockchain technology in ensuring transaction security?","Blockchain technology ensures the security and transparency of transactions by using decentralized and immutable ledgers.","Smart contracts,powered by blockchain technology,execute automatically when predefined conditions are met.","entailment"
"How can blockchain applications revolutionize supply chain management?","Blockchain applications have the potential to revolutionize supply chain management by providing an immutable and transparent record of product movements.","Smart contracts eliminate the need for intermediaries in transactions,making them more efficient and cost-effective.","entailment"
"Is Python the simplest programming language?","No programming language can match Python's simplicity and readability,making it an excellent choice for beginners.","Java,known for its platform independence,is often used for enterprise-level applications.","contradiction"
"What makes Python stand out among programming languages?","Python's extensive standard library offers a wide range of pre-built modules and functions,streamlining the development process.","Java's static typing provides increased code reliability and catches errors at compile-time.","entailment"
"How has Artificial Intelligence impacted various industries?","Artificial Intelligence has transformed various industries,including healthcare,finance,and marketing,through data analysis and predictive modeling.","Machine learning,a subset of AI,enables computers to learn from data and make decisions without explicit programming.","entailment"
"What are the key components of a computer system?","A computer system consists of hardware and software. Hardware includes the physical components such as the central processing unit (CPU),memory,storage devices,and input/output devices. Software encompasses the operating system and application programs that enable users to perform various tasks.","Sorting algorithms are crucial for arranging data elements in a specific order,enhancing search efficiency.","entailment"
"Can any software development methodology guarantee 100% success?","Software development methodologies like Agile and Waterfall offer different approaches to manage projects and development processes.","No software development methodology can guarantee a 100% success rate in all projects. Each methodology has its strengths and weaknesses,and its suitability depends on the nature of the project and the team's expertise.","contradiction"
"What are the main aspects of web development?","Web development involves front-end and back-end development. Front-end development focuses on creating the user interface and user experience. It includes technologies such as HTML,CSS,and JavaScript. Back-end development handles the server-side logic and database interactions. Common back-end languages include Python,Ruby,Java,and PHP.","React.js,a popular front-end framework,offers a component-based architecture for building user interfaces.","entailment"
"Is TCP/IP reliable for data transmission?","TCP/IP,the backbone of the internet,ensures reliable data transmission between devices.","HTTP,a stateless protocol,does not provide reliable data transmission like TCP/IP.","contradiction"
"How have mobile applications transformed user interactions with technology?","Mobile applications have transformed how people interact with technology,offering various services from social networking to e-commerce.","iOS,developed by Apple Inc.,is known for its user-friendly interface and stringent app quality standards.","contradiction"
"What are the purposes of data visualization and data mining?","Data visualization presents data in graphical formats,aiding in understanding patterns and trends. It helps communicate complex information effectively. Data mining,on the other hand,involves extracting valuable insights and patterns from large datasets using statistical techniques and machine learning algorithms.","The two techniques complement each other in the process of gaining insights from data.","neutral"
"How does the Internet of Things (IoT) enable data exchange and automation?","Internet of Things (IoT) involves connecting everyday objects to the internet,enabling data exchange and automation. IoT devices,equipped with sensors and actuators,can collect and transmit data,and act on predefined rules without human intervention.","Computer networks enable devices to share resources and information,enabling global connectivity.","neutral"
"What is the importance of cybersecurity in protecting computer systems?","Cybersecurity is vital for protecting computer systems and data from unauthorized access and cyberattacks. With the increasing number of cyber threats,ensuring the security of sensitive information and infrastructure is crucial for individuals and organizations.","Ethical hacking simulates cyberattacks to identify system vulnerabilities and improve security.","entailment"
"How does serverless computing benefit developers?","Serverless computing allows developers to focus solely on writing code without managing server infrastructure. In serverless architecture,cloud providers automatically manage the allocation of resources,scaling,and maintenance,allowing developers to deploy applications without worrying about underlying infrastructure.","Cloud computing enables businesses to scale applications dynamically based on demand.","entailment"
"How does big data analytics process unstructured data?","Big data analytics can process and analyze unstructured data,including text,images,audio,and video data. Through advanced algorithms and machine learning techniques,big data analytics extracts valuable insights and patterns from large and complex datasets.","Big data analytics extracts valuable insights from vast and complex datasets using machine learning and statistical techniques.","entailment"
"What are the common use cases of Java programming language?","Java,known for its platform independence,is commonly used for enterprise-level applications. Its portability allows developers to write code once and run it on multiple platforms,making it suitable for various applications,including web development,mobile apps,and enterprise software.","Python's user-friendly syntax makes it a preferred choice for beginners in programming.","contradiction"
"What are the benefits of Python's extensive standard library?","Python's extensive standard library offers a wide range of pre-built modules and functions,streamlining the development process. The rich set of libraries simplifies tasks such as data manipulation,file handling,and network communication,reducing the need for writing code from scratch.","Java's static typing provides increased code reliability and catches errors at compile-time.","entailment"
"How does machine learning enable computers to make decisions?","Machine learning enables computers to learn from data and make decisions without explicit programming. By training on large datasets,machine learning algorithms identify patterns and relationships,allowing the system to make predictions and decisions based on new data.","Artificial Intelligence has transformed various industries,including healthcare,finance,and marketing,through data analysis and predictive modeling.","contradiction"
"What are the essential components of efficient data management?","Efficient data management relies on several key components. Data structures,such as arrays,linked lists,trees,and graphs,facilitate organized data storage and retrieval. Database systems,such as SQL and NoSQL databases,manage structured and unstructured data. Algorithms for data processing,indexing,and searching optimize data management operations.","Sorting algorithms are crucial for arranging data elements in a specific order,enhancing search efficiency.","entailment"
"What are the key characteristics of Agile and Waterfall methodologies?","Agile development emphasizes iterative and customer-centric development,enabling teams to deliver functional software incrementally. Regular feedback and adaptability to changing requirements are core principles of Agile. In contrast,Waterfall follows a sequential and plan-driven approach,where each phase must be completed before moving to the next. Waterfall is suitable for projects with well-defined and stable requirements.","Software development methodologies like Agile and Waterfall offer different approaches to manage projects and development processes.","entailment"
"How does React.js offer a component-based architecture for web development?","React.js,a popular front-end framework,offers a component-based architecture for building user interfaces. Components are self-contained and reusable units of UI that can be combined to create complex interfaces. React.js efficiently updates and renders components when data changes,improving performance.","Web development involves front-end and back-end development,where front-end focuses on user interface and back-end handles application logic.","entailment"
"What does HTTP facilitate in web browsing?","HTTP,a stateless protocol,facilitates resource retrieval in web browsing. It allows clients (usually web browsers) to request resources (such as web pages,images,and videos) from web servers. HTTP uses a request-response model,where clients send requests to servers,and servers respond with the requested resources.","TCP/IP,the backbone of the internet,ensures reliable data transmission between devices.","neutral"
"What are the unique features of iOS mobile operating system?","iOS,developed by Apple Inc.,is known for its user-friendly interface and stringent app quality standards. iOS offers a smooth and responsive user experience,with a focus on security and privacy. The App Store's strict review process ensures that only high-quality and safe apps are available to users.","Mobile applications have transformed how people interact with technology,offering various services from social networking to e-commerce.","contradiction"
"What is the difference between data visualization and data mining?","Data visualization presents data in graphical formats,aiding in understanding patterns and trends. It helps communicate complex information effectively. Data mining extracts valuable insights and patterns from large datasets using statistical techniques and machine learning algorithms.","The two techniques complement each other in the process of gaining insights from data.","neutral"
"What is Natural Language Processing (NLP)?","Natural Language Processing (NLP) is a field of artificial intelligence that focuses on enabling computers to understand,interpret,and generate human language. NLP combines linguistic,statistical,and machine learning techniques to process and analyze text and speech data,allowing applications to perform tasks such as sentiment analysis,language translation,and chatbot interactions.","Statistics provides methodologies for data analysis and making inferences from data. It involves techniques such as hypothesis testing,regression analysis,and probability theory.","entailment"
"How does statistical analysis contribute to data-driven decision-making?","Statistics provides methodologies for data analysis and making inferences from data. It involves techniques such as hypothesis testing,regression analysis,and probability theory. By applying statistical analysis to data,organizations can draw meaningful conclusions,identify patterns and trends,and make informed decisions based on evidence.","Natural Language Processing (NLP) is a field of artificial intelligence that focuses on enabling computers to understand,interpret,and generate human language.","entailment"
"What is the role of a compiler in programming?","A compiler is a software tool that translates high-level programming code,written by developers,into machine code that a computer's CPU can understand and execute. The compilation process involves multiple stages,including lexical analysis,syntax analysis,semantic analysis,code optimization,and code generation. The resulting compiled code is faster and more efficient than interpreted code.","Data structures are fundamental for efficient data storage and retrieval in computer memory.","entailment"
"What are the common data structures used in computer science?","Data structures are fundamental components used to organize and store data in computer memory. Some common data structures include arrays,which store elements of the same type in contiguous memory locations; linked lists,which connect elements through pointers; stacks and queues for managing data access; trees and graphs for hierarchical and interconnected data representation.","Sorting algorithms are crucial for arranging data elements in a specific order,enhancing search efficiency.","entailment"
"What are algorithms and their significance in computer science?","In computer science,algorithms are step-by-step procedures or sets of instructions for solving specific problems or performing tasks. Algorithms form the backbone of computer programs and are critical for efficient and accurate problem-solving. They are designed to handle various computational tasks,such as sorting,searching,and optimization.","Data structures are fundamental for efficient data storage and retrieval in computer memory.","entailment"
"What are the key networking protocols used on the internet?","Networking protocols are sets of rules and conventions that govern communication between devices on a network. Some key protocols used on the internet include TCP/IP,which ensures reliable data transmission,HTTP for web browsing,DNS for domain name resolution,and SMTP for email communication.","Internet of Things (IoT) involves connecting everyday objects to the internet,enabling data exchange and automation.","neutral"
"What are the stages involved in the software engineering process?","Software engineering involves a systematic and disciplined approach to designing,developing,and maintaining software. The stages of the software engineering process include requirements gathering and analysis,system design,implementation (coding),testing,deployment,and maintenance. Each stage is crucial for ensuring the quality and reliability of the software.","Ethical hacking simulates cyberattacks to identify system vulnerabilities and improve security.","entailment"
"How does software testing ensure the quality of a software product?","Software testing is a critical phase in the software development process that involves verifying and validating the software to ensure it meets the specified requirements and functions correctly. Various testing techniques,such as unit testing,integration testing,system testing,and user acceptance testing,help identify defects and ensure the overall quality of the software.","Cybersecurity is vital for protecting computer systems and data from unauthorized access and cyberattacks.","entailment"
"What are the principles of object-oriented programming (OOP)?","Object-oriented programming (OOP) is a programming paradigm that uses objects,which encapsulate data and behaviors,as building blocks for creating software systems. Some key principles of OOP include encapsulation,inheritance,polymorphism,and abstraction. OOP promotes modularity,reusability,and maintainability of code.","Serverless computing allows developers to focus solely on writing code without managing server infrastructure.","entailment"
"What are the most commonly used programming languages in software development?","The choice of programming language depends on the requirements and goals of the software project. Some commonly used programming languages in software development include Python,Java,JavaScript,C++,C#,and Ruby. Python is favored for its simplicity and versatility,Java for its platform independence,and JavaScript for front-end web development.","Cloud computing enables businesses to scale applications dynamically based on demand.","entailment"
"What is the OSI model in networking?","The Open Systems Interconnection (OSI) model is a conceptual framework that standardizes the functions of a telecommunication or computing system into seven abstraction layers. Each layer has specific tasks and interacts with adjacent layers,enabling seamless communication between devices on a network. The layers are physical,data link,network,transport,session,presentation,and application.","Big data analytics can process and analyze unstructured data,including text,images,audio,and video data.","entailment"
"What are the different types of software development methodologies?","Software development methodologies define the processes and practices followed by development teams during the software development life cycle. Some common types of software development methodologies include Agile,Waterfall,Scrum,Kanban,and Spiral. Each methodology has its advantages and is suitable for specific types of projects.","Big data analytics can process and analyze unstructured data,including text,images,audio,and video data.","entailment"
"How does dynamic programming optimize algorithmic solutions?","Dynamic programming is an algorithmic optimization technique used to solve problems with overlapping subproblems. It breaks down a complex problem into smaller subproblems and solves each subproblem only once,storing the solutions in a table. By avoiding redundant computations,dynamic programming improves the efficiency of algorithms for certain types of problems.","Machine learning enables computers to learn from data and make decisions without explicit programming.","entailment"
"What is network security,and why is it essential?","Network security refers to the protection of computer networks and their resources from unauthorized access,misuse,and attacks. It is crucial because networks play a vital role in information exchange and communication. A breach in network security can lead to data theft,service disruption,and privacy violations.","Artificial Intelligence has transformed various industries,including healthcare,finance,and marketing,through data analysis and predictive modeling.","contradiction"
"What are the challenges in scaling distributed systems?","Distributed systems consist of multiple interconnected components,and scaling them to handle increased loads and user demands presents several challenges. Some common challenges include maintaining consistency,managing data partitioning,handling failure scenarios,and ensuring fault tolerance and reliability.","Sorting algorithms are crucial for arranging data elements in a specific order,enhancing search efficiency.","entailment"
"What is data preprocessing in machine learning?","Data preprocessing is a crucial step in machine learning that involves transforming raw data into a format suitable for training machine learning models. It includes tasks such as data cleaning to remove errors and outliers,feature scaling to bring features to a common scale,and feature engineering to create new features from existing ones.","Data structures are fundamental for efficient data storage and retrieval in computer memory.","entailment"
"What are the principles of good software design?","Good software design follows principles that promote maintainability,reusability,and flexibility. Some key principles include the Single Responsibility Principle (SRP),Open/Closed Principle (OCP),Liskov Substitution Principle (LSP),Interface Segregation Principle (ISP),and Dependency Inversion Principle (DIP). Adhering to these principles helps create modular,well-organized,and robust software systems.","Data structures are fundamental for efficient data storage and retrieval in computer memory.","entailment"
"What are the important characteristics of a strong algorithm?","Strong algorithms exhibit efficiency,correctness,and scalability. An efficient algorithm performs the task with minimal resource consumption,such as time and memory. Correctness ensures that the algorithm produces the correct output for all inputs. Scalability means the algorithm can handle large datasets and growing problem sizes without significant performance degradation.","Data structures are fundamental for efficient data storage and retrieval in computer memory.","entailment"
"What is the role of a computer network in modern communication?","Computer networks play a central role in modern communication by facilitating the exchange of information and resources between connected devices. They enable internet connectivity,file sharing,email communication,video conferencing,and access to web services. Computer networks form the backbone of our interconnected world.","Data structures are fundamental for efficient data storage and retrieval in computer memory.","entailment"
"What are the main components of a natural language processing system?","A natural language processing (NLP) system consists of several components. Tokenization breaks the text into individual words or tokens. Part-of-speech tagging identifies the grammatical category of each word. Named entity recognition (NER) identifies entities like names,dates,and locations. Syntax parsing analyzes sentence structure. Sentiment analysis determines the emotional tone of the text. Machine learning algorithms power many NLP tasks.","Statistics provides methodologies for data analysis and making inferences from data. It involves techniques such as hypothesis testing,regression analysis,and probability theory.","entailment"
"What are the advantages of using a graph data structure?","Graph data structures are versatile and offer several advantages. They are well-suited for modeling relationships between entities,making them ideal for social networks,maps,and recommendation systems. Graph algorithms efficiently solve problems like shortest path finding,cycle detection,and network flow optimization. Graphs enable data representation in a way that mimics real-world interconnectedness.","Data structures are fundamental for efficient data storage and retrieval in computer memory.","entailment"
"What is the role of a DNS (Domain Name System) in internet communication?","The Domain Name System (DNS) translates human-readable domain names (e.g.,www.example.com) into IP addresses,which computers can understand. DNS acts as a distributed database,storing domain name-to-IP mappings. When a user enters a domain name in a web browser,the browser queries DNS servers to obtain the corresponding IP address and establish a connection to the correct web server.","HTTP,a stateless protocol,facilitates resource retrieval in web browsing.","neutral"
"What are the key steps involved in natural language processing for language translation?","Language translation in natural language processing (NLP) involves several steps. The text is tokenized into words or subwords. The source language is analyzed for its grammatical structure and semantics. This analysis helps create a representation of the text. The representation is then translated into the target language using linguistic and statistical models that capture the language patterns.","Data structures are fundamental for efficient data storage and retrieval in computer memory.","entailment"
"How does the compiler optimize the code during the compilation process?","During the compilation process,the compiler performs various code optimizations to improve the efficiency and performance of the resulting machine code. Common optimization techniques include constant folding,loop unrolling,dead code elimination,and inlining functions. These optimizations aim to reduce execution time,minimize memory usage,and eliminate redundant computations.","Data structures are fundamental for efficient data storage and retrieval in computer memory.","entailment"
"What are the key data structures used in Natural Language Processing?","Natural Language Processing (NLP) involves processing and analyzing human language. Some key data structures used in NLP include n-grams (sequences of words or characters),Bag-of-Words representations,and Word Embeddings (word representations in a continuous vector space). These data structures enable NLP models to understand and work with language effectively.","Data structures are fundamental for efficient data storage and retrieval in computer memory.","entailment"
"What are the challenges in designing efficient algorithms for big data?","Designing algorithms for big data poses several challenges due to the sheer volume and complexity of data. Some challenges include handling data that exceeds available memory,minimizing disk I/O,parallelizing computations,and maintaining algorithm scalability as data size grows. Distributed computing and parallel processing are common approaches to address big data challenges.","Machine learning enables computers to learn from data and make decisions without explicit programming.","entailment"
"What are the main components of a compiler?","A compiler consists of several components that work together to translate source code into machine code. The Frontend includes the Lexical Analyzer (Lexer) for tokenizing code,the Syntax Analyzer (Parser) for creating a parse tree,and the Semantic Analyzer for semantic checks. The Intermediate Code Generator creates an intermediate representation of the code. The Backend includes optimization modules and the Code Generator that produces the machine code.","Data structures are fundamental for efficient data storage and retrieval in computer memory.","entailment"
"What are the key principles of data encryption in network security?","Data encryption is a fundamental component of network security. Some key principles include using strong encryption algorithms,protecting encryption keys,implementing end-to-end encryption,and regularly updating encryption protocols. Encryption ensures that even if data is intercepted,it remains unintelligible to unauthorized parties.","Data structures are fundamental for efficient data storage and retrieval in computer memory.","entailment"
"What are the different types of software testing?","Software testing encompasses various types of testing to ensure software quality. Some common types include Unit Testing,which tests individual components or functions; Integration Testing,which verifies the interaction between integrated components; System Testing,which evaluates the entire system's functionality; and User Acceptance Testing (UAT),where end-users validate the software meets their requirements.","Cybersecurity is vital for protecting computer systems and data from unauthorized access and cyberattacks.","entailment"
"What is the role of recursion in algorithm design?","Recursion is a programming technique where a function calls itself to solve smaller instances of a problem. Recursion simplifies the code by breaking down complex problems into smaller,more manageable subproblems. It is widely used in algorithms involving tree and graph traversal,divide and conquer strategies,and backtracking algorithms.","Data structures are fundamental for efficient data storage and retrieval in computer memory.","entailment"
"What are the different data structures used in networking?","Networking involves handling and transmitting data efficiently. Some key data structures used in networking include arrays for organizing data in memory,linked lists for managing network devices and configurations,and graphs for modeling complex network topologies and relationships between devices.","Data structures are fundamental for efficient data storage and retrieval in computer memory.","entailment"
"What are the main features of software engineering tools?","Software engineering tools facilitate various stages of the software development life cycle. Some common features include Integrated Development Environments (IDEs) with code editing,debugging,and version control; project management tools for task tracking and collaboration; testing frameworks for automated testing; and continuous integration tools for automated building and deployment.","Ethical hacking simulates cyberattacks to identify system vulnerabilities and improve security.","entailment"
"What are the essential components of a network infrastructure?","A network infrastructure comprises several essential components. Network devices,such as routers,switches,and firewalls,form the backbone of the network. Cables and wireless connections enable data transmission. Network protocols,like TCP/IP and HTTP,facilitate communication between devices. Network security measures,such as firewalls and encryption,protect against unauthorized access.","Data structures are fundamental for efficient data storage and retrieval in computer memory.","entailment"
"What are the main steps involved in the development of a software product?","The development of a software product involves multiple steps. It starts with requirements gathering and analysis,where the needs and expectations of stakeholders are identified. The next steps include system design,implementation,testing,deployment,and maintenance. Each stage is critical for delivering a high-quality software product.","Ethical hacking simulates cyberattacks to identify system vulnerabilities and improve security.","entailment"
"What are the key components of a Natural Language Processing (NLP) system?","A Natural Language Processing (NLP) system consists of several components. Tokenization breaks the text into individual words or subwords. Part-of-speech tagging identifies the grammatical category of each word. Named entity recognition (NER) identifies entities like names,dates,and locations. Syntax parsing analyzes sentence structure. Sentiment analysis determines the emotional tone of the text. Machine learning algorithms power many NLP tasks.","Statistics provides methodologies for data analysis and making inferences from data. It involves techniques such as hypothesis testing,regression analysis,and probability theory.","entailment"
"How does the process of software testing contribute to software quality?","Software testing is a crucial process in software development that aims to identify defects and ensure the quality of the software. It involves various testing techniques,such as unit testing,integration testing,system testing,and user acceptance testing. Testing helps catch bugs and issues early in the development process,leading to better software quality and improved user satisfaction.","Ethical hacking simulates cyberattacks to identify system vulnerabilities and improve security.","entailment"
"How do algorithms contribute to solving complex problems in computer science?","Algorithms play a fundamental role in computer science by providing efficient solutions to complex problems. They enable computers to process data,perform calculations,and execute tasks with precision and speed. Algorithms underpin various applications,from simple sorting and searching to advanced artificial intelligence and data analytics.","Data structures are fundamental for efficient data storage and retrieval in computer memory.","entailment"
"What are the benefits of using graph algorithms in social network analysis?","Social network analysis involves studying relationships between individuals and entities in a social network. Graph algorithms are well-suited for this task,as they can identify influential nodes (individuals with many connections),discover communities,and analyze the spread of information or influence through the network. Graph algorithms provide valuable insights into social interactions and behavior.","Data structures are fundamental for efficient data storage and retrieval in computer memory.","entailment"
"What are the advantages of using dynamic data structures?","Dynamic data structures offer several advantages compared to static data structures. They allow efficient memory management by allocating memory dynamically as needed,reducing wastage and enabling flexible data storage. Dynamic data structures can adapt to changing data sizes,ensuring efficient usage of memory and enhancing program performance.","Data structures are fundamental for efficient data storage and retrieval in computer memory.","entailment"
"What is the role of a Network Operating System (NOS) in computer networks?","A Network Operating System (NOS) is a specialized software that manages network resources and facilitates communication between devices on a computer network. NOS provides features such as file and print sharing,user authentication,and centralized management of network devices. It enables efficient and secure data transmission within the network.","Data structures are fundamental for efficient data storage and retrieval in computer memory.","entailment"
"What are the main components of a compiler?","A compiler consists of several components that work together to translate source code into machine code. The Frontend includes the Lexical Analyzer (Lexer) for tokenizing code,the Syntax Analyzer (Parser) for creating a parse tree,and the Semantic Analyzer for semantic checks. The Intermediate Code Generator creates an intermediate representation of the code. The Backend includes optimization modules and the Code Generator that produces the machine code.","Data structures are fundamental for efficient data storage and retrieval in computer memory.","entailment"
"What are the key principles of data encryption in network security?","Data encryption is a fundamental component of network security. Some key principles include using strong encryption algorithms,protecting encryption keys,implementing end-to-end encryption,and regularly updating encryption protocols. Encryption ensures that even if data is intercepted,it remains unintelligible to unauthorized parties.","Data structures are fundamental for efficient data storage and retrieval in computer memory.","entailment"
"What are the different types of software testing?","Software testing encompasses various types of testing to ensure software quality. Some common types include Unit Testing,which tests individual components or functions; Integration Testing,which verifies the interaction between integrated components; System Testing,which evaluates the entire system's functionality; and User Acceptance Testing (UAT),where end-users validate the software meets their requirements.","Cybersecurity is vital for protecting computer systems and data from unauthorized access and cyberattacks.","entailment"
"What is the role of recursion in algorithm design?","Recursion is a programming technique where a function calls itself to solve smaller instances of a problem. Recursion simplifies the code by breaking down complex problems into smaller,more manageable subproblems. It is widely used in algorithms involving tree and graph traversal,divide and conquer strategies,and backtracking algorithms.","Data structures are fundamental for efficient data storage and retrieval in computer memory.","entailment"
"What are the different data structures used in networking?","Networking involves handling and transmitting data efficiently. Some key data structures used in networking include arrays for organizing data in memory,linked lists for managing network devices and configurations,and graphs for modeling complex network topologies and relationships between devices.","Data structures are fundamental for efficient data storage and retrieval in computer memory.","entailment"
"What are the main features of software engineering tools?","Software engineering tools facilitate various stages of the software development life cycle. Some common features include Integrated Development Environments (IDEs) with code editing,debugging,and version control; project management tools for task tracking and collaboration; testing frameworks for automated testing; and continuous integration tools for automated building and deployment.","Ethical hacking simulates cyberattacks to identify system vulnerabilities and improve security.","entailment"
"What are the essential components of a network infrastructure?","A network infrastructure comprises several essential components. Network devices,such as routers,switches,and firewalls,form the backbone of the network. Cables and wireless connections enable data transmission. Network protocols,like TCP/IP and HTTP,facilitate communication between devices. Network security measures,such as firewalls and encryption,protect against unauthorized access.","Data structures are fundamental for efficient data storage and retrieval in computer memory.","entailment"
"What are the main steps involved in the development of a software product?","The development of a software product involves multiple steps. It starts with requirements gathering and analysis,where the needs and expectations of stakeholders are identified. The next steps include system design,implementation,testing,deployment,and maintenance. Each stage is critical for delivering a high-quality software product.","Ethical hacking simulates cyberattacks to identify system vulnerabilities and improve security.","entailment"
"What are the key components of a Natural Language Processing (NLP) system?","A Natural Language Processing (NLP) system consists of several components. Tokenization breaks the text into individual words or subwords. Part-of-speech tagging identifies the grammatical category of each word. Named entity recognition (NER) identifies entities like names,dates,and locations. Syntax parsing analyzes sentence structure. Sentiment analysis determines the emotional tone of the text. Machine learning algorithms power many NLP tasks.","Statistics provides methodologies for data analysis and making inferences from data. It involves techniques such as hypothesis testing,regression analysis,and probability theory.","entailment"
"How does the process of software testing contribute to software quality?","Software testing is a crucial process in software development that aims to identify defects and ensure the quality of the software. It involves various testing techniques,such as unit testing,integration testing,system testing,and user acceptance testing. Testing helps catch bugs and issues early in the development process,leading to better software quality and improved user satisfaction.","Ethical hacking simulates cyberattacks to identify system vulnerabilities and improve security.","entailment"
"How do algorithms contribute to solving complex problems in computer science?","Algorithms play a fundamental role in computer science by providing efficient solutions to complex problems. They enable computers to process data,perform calculations,and execute tasks with precision and speed. Algorithms underpin various applications,from simple sorting and searching to advanced artificial intelligence and data analytics.","Data structures are fundamental for efficient data storage and retrieval in computer memory.","entailment"
"What are the benefits of using graph algorithms in social network analysis?","Social network analysis involves studying relationships between individuals and entities in a social network. Graph algorithms are well-suited for this task,as they can identify influential nodes (individuals with many connections),discover communities,and analyze the spread of information or influence through the network. Graph algorithms provide valuable insights into social interactions and behavior.","Data structures are fundamental for efficient data storage and retrieval in computer memory.","entailment"
"What are the advantages of using dynamic data structures?","Dynamic data structures offer several advantages compared to static data structures. They allow efficient memory management by allocating memory dynamically as needed,reducing wastage and enabling flexible data storage. Dynamic data structures can adapt to changing data sizes,ensuring efficient usage of memory and enhancing program performance.","Data structures are fundamental for efficient data storage and retrieval in computer memory.","entailment"
"What is the role of a Network Operating System (NOS) in computer networks?","A Network Operating System (NOS) is a specialized software that manages network resources and facilitates communication between devices on a computer network. NOS provides features such as file and print sharing,user authentication,and centralized management of network devices. It enables efficient and secure data transmission within the network.","Data structures are fundamental for efficient data storage and retrieval in computer memory.","entailment"
"What are the main components of a compiler?","A compiler consists of several components that work together to translate source code into machine code. The Frontend includes the Lexical Analyzer (Lexer) for tokenizing code,the Syntax Analyzer (Parser) for creating a parse tree,and the Semantic Analyzer for semantic checks. The Intermediate Code Generator creates an intermediate representation of the code. The Backend includes optimization modules and the Code Generator that produces the machine code.","Data structures are fundamental for efficient data storage and retrieval in computer memory.","entailment"
"What are the key principles of data encryption in network security?","Data encryption is a fundamental component of network security. Some key principles include using strong encryption algorithms,protecting encryption keys,implementing end-to-end encryption,and regularly updating encryption protocols. Encryption ensures that even if data is intercepted,it remains unintelligible to unauthorized parties.","Data structures are fundamental for efficient data storage and retrieval in computer memory.","entailment"
"What are the different types of software testing?","Software testing encompasses various types of testing to ensure software quality. Some common types include Unit Testing,which tests individual components or functions; Integration Testing,which verifies the interaction between integrated components; System Testing,which evaluates the entire system's functionality; and User Acceptance Testing (UAT),where end-users validate the software meets their requirements.","Cybersecurity is vital for protecting computer systems and data from unauthorized access and cyberattacks.","entailment"
"What is the role of recursion in algorithm design?","Recursion is a programming technique where a function calls itself to solve smaller instances of a problem. Recursion simplifies the code by breaking down complex problems into smaller,more manageable subproblems. It is widely used in algorithms involving tree and graph traversal,divide and conquer strategies,and backtracking algorithms.","Data structures are fundamental for efficient data storage and retrieval in computer memory.","entailment"
"What are the different data structures used in networking?","Networking involves handling and transmitting data efficiently. Some key data structures used in networking include arrays for organizing data in memory,linked lists for managing network devices and configurations,and graphs for modeling complex network topologies and relationships between devices.","Data structures are fundamental for efficient data storage and retrieval in computer memory.","entailment"
"What are the main features of software engineering tools?","Software engineering tools facilitate various stages of the software development life cycle. Some common features include Integrated Development Environments (IDEs) with code editing,debugging,and version control; project management tools for task tracking and collaboration; testing frameworks for automated testing; and continuous integration tools for automated building and deployment.","Ethical hacking simulates cyberattacks to identify system vulnerabilities and improve security.","entailment"
"What are the essential components of a network infrastructure?","A network infrastructure comprises several essential components. Network devices,such as routers,switches,and firewalls,form the backbone of the network. Cables and wireless connections enable data transmission. Network protocols,like TCP/IP and HTTP,facilitate communication between devices. Network security measures,such as firewalls and encryption,protect against unauthorized access.","Data structures are fundamental for efficient data storage and retrieval in computer memory.","entailment"
"What are the main steps involved in the development of a software product?","The development of a software product involves multiple steps. It starts with requirements gathering and analysis,where the needs and expectations of stakeholders are identified. The next steps include system design,implementation,testing,deployment,and maintenance. Each stage is critical for delivering a high-quality software product.","Ethical hacking simulates cyberattacks to identify system vulnerabilities and improve security.","entailment"
"What are the key components of a Natural Language Processing (NLP) system?","A Natural Language Processing (NLP) system consists of several components. Tokenization breaks the text into individual words or subwords. Part-of-speech tagging identifies the grammatical category of each word. Named entity recognition (NER) identifies entities like names,dates,and locations. Syntax parsing analyzes sentence structure. Sentiment analysis determines the emotional tone of the text. Machine learning algorithms power many NLP tasks.","Statistics provides methodologies for data analysis and making inferences from data. It involves techniques such as hypothesis testing,regression analysis,and probability theory.","entailment"
"How does the process of software testing contribute to software quality?","Software testing is a crucial process in software development that aims to identify defects and ensure the quality of the software. It involves various testing techniques,such as unit testing,integration testing,system testing,and user acceptance testing. Testing helps catch bugs and issues early in the development process,leading to better software quality and improved user satisfaction.","Ethical hacking simulates cyberattacks to identify system vulnerabilities and improve security.","entailment"
"How do algorithms contribute to solving complex problems in computer science?","Algorithms play a fundamental role in computer science by providing efficient solutions to complex problems. They enable computers to process data,perform calculations,and execute tasks with precision and speed. Algorithms underpin various applications,from simple sorting and searching to advanced artificial intelligence and data analytics.","Data structures are fundamental for efficient data storage and retrieval in computer memory.","entailment"
"What are the benefits of using graph algorithms in social network analysis?","Social network analysis involves studying relationships between individuals and entities in a social network. Graph algorithms are well-suited for this task,as they can identify influential nodes (individuals with many connections),discover communities,and analyze the spread of information or influence through the network. Graph algorithms provide valuable insights into social interactions and behavior.","Data structures are fundamental for efficient data storage and retrieval in computer memory.","entailment"
"What are the advantages of using dynamic data structures?","Dynamic data structures offer several advantages compared to static data structures. They allow efficient memory management by allocating memory dynamically as needed,reducing wastage and enabling flexible data storage. Dynamic data structures can adapt to changing data sizes,ensuring efficient usage of memory and enhancing program performance.","Data structures are fundamental for efficient data storage and retrieval in computer memory.","entailment"
"What is the role of a Network Operating System (NOS) in computer networks?","A Network Operating System (NOS) is a specialized software that manages network resources and facilitates communication between devices on a computer network. NOS provides features such as file and print sharing,user authentication,and centralized management of network devices. It enables efficient and secure data transmission within the network.","Data structures are fundamental for efficient data storage and retrieval in computer memory.","entailment"
"What are the main components of a compiler?","A compiler consists of several components that work together to translate source code into machine code. The Frontend includes the Lexical Analyzer (Lexer) for tokenizing code,the Syntax Analyzer (Parser) for creating a parse tree,and the Semantic Analyzer for semantic checks. The Intermediate Code Generator creates an intermediate representation of the code. The Backend includes optimization modules and the Code Generator that produces the machine code.","Data structures are fundamental for efficient data storage and retrieval in computer memory.","entailment"
"What are the key principles of data encryption in network security?","Data encryption is a fundamental component of network security. Some key principles include using strong encryption algorithms,protecting encryption keys,implementing end-to-end encryption,and regularly updating encryption protocols. Encryption ensures that even if data is intercepted,it remains unintelligible to unauthorized parties.","Data structures are fundamental for efficient data storage and retrieval in computer memory.","entailment"
"What are the different types of software testing?","Software testing encompasses various types of testing to ensure software quality. Some common types include Unit Testing,which tests individual components or functions; Integration Testing,which verifies the interaction between integrated components; System Testing,which evaluates the entire system's functionality; and User Acceptance Testing (UAT),where end-users validate the software meets their requirements.","Cybersecurity is vital for protecting computer systems and data from unauthorized access and cyberattacks.","entailment"
"What is the role of recursion in algorithm design?","Recursion is a programming technique where a function calls itself to solve smaller instances of a problem. Recursion simplifies the code by breaking down complex problems into smaller,more manageable subproblems. It is widely used in algorithms involving tree and graph traversal,divide and conquer strategies,and backtracking algorithms.","Data structures are fundamental for efficient data storage and retrieval in computer memory.","entailment"
"What are the different data structures used in networking?","Networking involves handling and transmitting data efficiently. Some key data structures used in networking include arrays for organizing data in memory,linked lists for managing network devices and configurations,and graphs for modeling complex network topologies and relationships between devices.","Data structures are fundamental for efficient data storage and retrieval in computer memory.","entailment"
"What are the main features of software engineering tools?","Software engineering tools facilitate various stages of the software development life cycle. Some common features include Integrated Development Environments (IDEs) with code editing,debugging,and version control; project management tools for task tracking and collaboration; testing frameworks for automated testing; and continuous integration tools for automated building and deployment.","Ethical hacking simulates cyberattacks to identify system vulnerabilities and improve security.","entailment"
"What are the essential components of a network infrastructure?","A network infrastructure comprises several essential components. Network devices,such as routers,switches,and firewalls,form the backbone of the network. Cables and wireless connections enable data transmission. Network protocols,like TCP/IP and HTTP,facilitate communication between devices. Network security measures,such as firewalls and encryption,protect against unauthorized access.","Data structures are fundamental for efficient data storage and retrieval in computer memory.","entailment"
