text,hypothesis,label
"Linux is an open-source operating system known for its stability,security,and flexibility,making it a popular choice for servers,embedded systems,and development environments.","Windows,a widely used operating system developed by Microsoft,offers a user-friendly interface and extensive software compatibility,making it suitable for desktop and gaming applications.","contradiction"
"Linux,with its command-line interface,provides extensive control over system configurations and administration,allowing advanced users to perform various tasks efficiently.","Windows,unlike Linux,requires a graphical user interface (GUI) for most tasks,making it more accessible to casual computer users.","contradiction"
"Linux distributions,such as Ubuntu,Fedora,and CentOS,cater to different user preferences and needs,providing a wide range of options for desktop and server environments.","Windows,being a commercial operating system,comes with licensing fees,whereas many Linux distributions are freely available and can be freely distributed.","contradiction"
"Windows,despite being a widely used operating system,may face more frequent security threats compared to Linux due to its larger user base and visibility.","Linux,with its frequent software updates and robust security features,offers enhanced protection against malware and cyberattacks.","entailment"
"Linux,due to its lightweight and efficient design,is often preferred for running on low-resource devices,such as IoT (Internet of Things) devices and embedded systems.","Windows,as a more resource-intensive operating system,requires higher hardware specifications for optimal performance.","entailment"
"Linux is a versatile operating system that supports various file systems,including ext4,btrfs,and xfs,providing users with options for data storage and management.","Windows,with its NTFS (New Technology File System),offers advanced features like file permissions and encryption,ensuring data security.","neutral"
"Machine learning algorithms,such as linear regression,decision trees,and support vector machines,are widely used for data analysis,pattern recognition,and prediction tasks.","Deep learning,a subfield of machine learning,employs artificial neural networks with multiple layers to process and understand complex data,achieving state-of-the-art results in tasks like image recognition and natural language processing.","entailment"
"Machine learning techniques can be categorized into supervised learning,unsupervised learning,and reinforcement learning,each suited for different types of data and learning objectives.","Deep learning,while powerful,often requires large amounts of labeled training data and significant computational resources to achieve high performance.","entailment"
"Machine learning models,despite their predictive capabilities,may lack interpretability,making it challenging to understand the reasoning behind their decisions.","Deep learning models,although highly accurate,may face challenges in interpreting the underlying logic of their predictions,resulting in the term 'black box' models.","entailment"
"Natural language processing has numerous applications,including machine translation,chatbots,voice assistants,and text summarization,revolutionizing human-computer interactions.","Sentiment analysis,although valuable,may have limitations in accurately interpreting complex emotions or sarcasm in text,leading to potential misinterpretations.","entailment"
"Computer graphics is a field that deals with the creation,manipulation,and representation of visual imagery using computer technology,encompassing areas like 2D graphics,3D modeling,and animation.","Computer vision,another computer science field,focuses on enabling computers to understand and interpret visual information from the real world,similar to human vision.","neutral"
"Computer graphics has diverse applications,including video games,movie special effects,architectural visualization,and data visualization.","Computer vision,when integrated with robotics,enables machines to perceive and navigate the physical environment autonomously.","entailment"
"Data mining,a subset of data science,involves the process of discovering patterns,relationships,and insights from large datasets using statistical techniques and machine learning algorithms.","Data visualization,another key aspect of data science,focuses on presenting data in visual formats like charts and graphs to facilitate understanding and decision-making.","neutral"
"Data mining has applications in various domains,including market analysis,customer segmentation,fraud detection,and healthcare informatics.","Data visualization,when combined with data mining,aids in identifying patterns and trends in data more effectively.","entailment"
"Data mining techniques,like association rule mining and clustering,can help businesses gain valuable insights into customer behavior and preferences.","Data visualization tools,such as Tableau and Power BI,enable users to create interactive and dynamic visualizations from large datasets.","entailment"
"Computer networks,a crucial aspect of modern communication,allow devices and systems to share resources and information,enabling internet connectivity and global communication.","Internet of Things (IoT),an emerging technology,involves connecting everyday objects and devices to the internet,enabling them to collect and exchange data.","neutral"
"Computer networks have different topologies,including star,bus,ring,and mesh,each offering unique advantages and disadvantages in terms of scalability and fault tolerance.","Internet of Things (IoT) devices,when interconnected,create a network of smart devices capable of exchanging data and automating tasks,enhancing convenience and efficiency.","entailment"
"Cybersecurity,a critical concern in the digital age,involves protecting computer systems,networks,and data from unauthorized access,breaches,and cyberattacks.","Ethical hacking,also known as penetration testing,involves simulating cyberattacks to identify vulnerabilities and weaknesses in computer systems.","entailment"
"Effective cybersecurity measures,including encryption,firewalls,and intrusion detection systems,are essential in safeguarding sensitive data and ensuring data privacy.","Ethical hacking,when performed by trained professionals,helps organizations proactively identify and fix vulnerabilities before malicious hackers can exploit them.","entailment"
"Cloud computing,a paradigm that offers on-demand access to shared computing resources over the internet,enables businesses to scale applications and services dynamically.","Serverless computing,a cloud computing model,allows developers to focus solely on writing code without managing server infrastructure,leading to increased development speed and reduced operational costs.","entailment"
"Cloud computing services are available in different deployment models,including public,private,hybrid,and multi-cloud,catering to diverse organizational requirements.","Serverless computing,despite its advantages,may not be suitable for all applications,particularly those with predictable and consistent workloads.","entailment"
"Cloud computing,with its pay-as-you-go pricing model,provides cost-effective solutions for businesses by allowing them to pay only for the resources they use.","Serverless computing,when combined with microservices architecture,enables developers to build scalable and modular applications that can adapt to changing demands.","entailment"
"Big data analytics is a game-changer in various industries,empowering businesses to harness the power of data to identify market trends,customer preferences,and operational inefficiencies,leading to better strategies and increased productivity.","Traditional data analytics primarily focuses on structured data stored in relational databases,whereas big data analytics deals with vast and diverse datasets from multiple sources,requiring distributed computing and parallel processing.","contradiction"
"Cloud computing has different service models,including Infrastructure as a Service (IaaS),Platform as a Service (PaaS),and Software as a Service (SaaS),providing users with the flexibility to choose the level of control and management they require for their applications.","Virtualization,widely used in data centers,reduces hardware costs and increases server efficiency by creating virtual machines that run multiple operating systems and applications on a single physical server.","neutral"
"Blockchain technology,a decentralized and immutable ledger system,ensures the transparency,security,and tamper-proof nature of transaction records,making it a suitable solution for various applications like cryptocurrency,supply chain management,and identity verification.","Smart contracts,self-executing contracts with predefined conditions and automated enforcement,are an integral part of blockchain applications,enabling trustless and secure interactions between parties without the need for intermediaries.","entailment"
"Blockchain technology,initially introduced as the underlying technology for Bitcoin,has evolved into a versatile platform that can be applied to various industries,including healthcare,finance,real estate,and voting systems,ensuring transparency,traceability,and data integrity.","Smart contracts,programmed using blockchain technology,execute automatically when specific conditions are met,eliminating the need for intermediaries and reducing the risk of fraud or manipulation.","entailment"
"Python is a widely used and versatile programming language known for its simplicity,readability,and extensive standard library,making it an excellent choice for a wide range of applications from web development to data analysis.","Java,similar to Python,is also a popular and powerful programming language that is commonly used for developing large-scale enterprise applications.","contradiction"
"Python,a high-level,interpreted programming language,gained immense popularity due to its user-friendly syntax,dynamic typing,and strong community support,making it an ideal choice for both beginners and experienced developers.","Java,another widely used programming language,is not as user-friendly as Python,and it requires more boilerplate code for certain tasks.","contradiction"
"Python,though known for its simplicity,may face performance challenges when dealing with computationally intensive tasks compared to lower-level languages like C++ or Rust.","Java,in contrast to Python,offers more strict type checking and static analysis,resulting in fewer runtime errors and increased code reliability.","contradiction"
"Artificial Intelligence,often referred to as AI,is a field that aims to create intelligent agents capable of simulating human-like intelligence,understanding natural language,recognizing objects in images,and making decisions based on data.","Machine learning,a subfield of AI,employs statistical techniques to enable machines to learn and improve from experience without being explicitly programmed.","entailment"
"Artificial Intelligence may face ethical concerns and biases,especially in applications like facial recognition,if not properly trained and supervised during the machine learning process.","Machine learning,while a powerful tool,can be limited by the quality and diversity of the training data,potentially leading to biased or inaccurate predictions.","entailment"
"Data structures and algorithms are vital in computer science,but incorrect implementation or selection may lead to poor performance,bugs,or even security vulnerabilities in software.","Sorting algorithms,if not properly optimized,can result in inefficient sorting times and may become a bottleneck in applications dealing with large datasets.","neutral"
"Software development is a comprehensive process that involves writing,testing,and maintaining software applications or systems,encompassing various phases like requirement analysis,design,implementation,testing,deployment,and maintenance,adhering to development methodologies like Agile,Scrum,and Waterfall.","Scrum,an agile project management framework,is commonly used to manage software development projects and increase productivity by breaking down complex tasks into manageable iterations called sprints,fostering collaboration and delivering value to customers quickly.","neutral"
"Software development methodologies vary based on project requirements and team preferences,with Agile methodologies emphasizing adaptability and customer collaboration,while Waterfall methodologies follow a sequential approach with defined phases and rigid requirements before moving to the next phase.","Scrum,although effective in many cases,may face challenges in projects with highly unpredictable requirements or complex interdependencies between tasks.","neutral"
"Software development involves a high level of creativity and problem-solving,but unrealistic deadlines or constant scope changes may lead to burnout or compromise the quality of the final product.","Scrum,while promoting transparency and flexibility,relies heavily on active team participation,and a lack of team engagement may hinder the successful implementation of the framework.","neutral"
"Web development involves the creation,design,and maintenance of websites and web applications,making use of various programming languages,such as HTML,CSS,and JavaScript,along with frameworks like React.js,Angular,and Vue.js,to deliver dynamic and interactive user experiences.","React.js,a popular front-end JavaScript library developed by Facebook,is widely used for building user interfaces for single-page applications,offering a component-based architecture and efficient rendering.","contradiction"
"Web development encompasses both front-end and back-end development,where front-end developers focus on creating the user interface and user experience using HTML,CSS,and JavaScript,while back-end developers work on server-side technologies and databases to handle application logic and data storage.","React.js,along with other front-end frameworks like Angular and Vue.js,enables developers to create interactive and responsive user interfaces that enhance the overall user experience.","entailment"
"Web development has seen significant advancements with the rise of front-end libraries like React.js,Vue.js,and Svelte,which enable developers to build scalable and high-performance user interfaces.","React.js,though popular,may not always be the best choice for small projects due to its additional learning curve and overhead.","entailment"
"JavaScript,a crucial part of web development,allows for dynamic interactions and enhanced user experiences,but it may also introduce security vulnerabilities like cross-site scripting (XSS) if not properly secured.","React.js,being component-based,encourages code reusability and modularization,making it easier to maintain and scale large web applications.","entailment"
"React.js,with its virtual DOM (Document Object Model) implementation,optimizes rendering and minimizes the need for full-page reloads,resulting in faster and more efficient web applications.","JavaScript,as a scripting language,may introduce browser compatibility issues,requiring developers to test and handle various browser differences.","entailment"
"JavaScript frameworks like React.js,Vue.js,and Angular enable developers to build single-page applications (SPAs) that provide a seamless and responsive user experience without page reloads.","Web development with JavaScript frameworks like React.js may lead to longer initial load times compared to traditional multi-page applications.","entailment"
"TCP/IP,along with other networking protocols,allows for efficient data transmission and error recovery,making it reliable for long-distance communication across the internet.","HTTP,as an application-layer protocol,is not suitable for real-time communication,and it lacks built-in mechanisms for ensuring message delivery.","neutral"
"TCP/IP,despite its reliability,may face performance challenges when handling a massive number of simultaneous connections or in highly congested network environments.","HTTP,while not optimized for low-latency communication,can still handle various forms of data,such as text,images,audio,and video,efficiently.","neutral"
"TCP/IP,being the foundation of the internet,provides a standardized set of protocols that enable seamless communication between devices and networks worldwide.","HTTP,despite its widespread use,may not be the best choice for secure communication and is often complemented with HTTPS for encrypted data transmission.","neutral"
"Mobile applications,also known as mobile apps,have gained immense popularity due to their accessibility and functionality on smartphones and tablets,providing users with a wide range of services,including social networking,productivity tools,entertainment,and e-commerce.","iOS,developed by Apple Inc.,is a mobile operating system used exclusively on Apple devices like iPhones and iPads,known for its user-friendly interface,seamless integration with Apple's ecosystem,and strict app quality standards.","contradiction"
"Mobile applications are continuously evolving,integrating advanced features like augmented reality (AR),virtual reality (VR),and artificial intelligence (AI) to enhance user experiences and capabilities.","iOS,with its closed ecosystem,provides a high level of security and privacy but may limit the customization options available to users and developers.","entailment"
"Mobile applications cater to various user needs,including health and fitness,education,gaming,and financial management,offering a vast array of choices on app stores for different platforms.","iOS,while known for its seamless user experience,may not be the preferred choice for users who seek more freedom in customizing their devices.","entailment"
"Mobile applications,thanks to the advancements in mobile technology,now offer features like offline access,real-time notifications,and cloud-based storage,providing a seamless and connected experience for users.","iOS,despite its popularity,may not support certain hardware features or accessories from third-party manufacturers,limiting user options.","entailment"
"Mobile applications are classified into native apps,web apps,and hybrid apps,each having its own advantages and limitations,offering users diverse options for accessing services and content on their mobile devices.","iOS,being a closed-source operating system,offers a curated and controlled app environment,providing enhanced security and stability but requiring compliance with Apple's guidelines for app submission and approval.","entailment"
"Mobile applications developed natively for specific platforms like iOS and Android can provide superior performance and user experience compared to cross-platform hybrid apps.","iOS,while known for its strict app review process,ensures that the apps available on its app store meet quality and security standards,providing users with a safer app ecosystem.","entailment"
"TCP/IP,along with other networking protocols,allows for efficient data transmission and error recovery,making it reliable for long-distance communication across the internet.","HTTP,as an application-layer protocol,is not suitable for real-time communication,and it lacks built-in mechanisms for ensuring message delivery.","neutral"
"TCP/IP,being the foundation of the internet,provides a standardized set of protocols that enable seamless communication between devices and networks worldwide.","HTTP,despite its widespread use,may not be the best choice for secure communication and is often complemented with HTTPS for encrypted data transmission.","neutral"
"Machine learning algorithms,such as linear regression,decision trees,and support vector machines,are widely used for data analysis,pattern recognition,and prediction tasks.","Deep learning,a subfield of machine learning,employs artificial neural networks with multiple layers to process and understand complex data,achieving state-of-the-art results in tasks like image recognition and natural language processing.","entailment"
"Machine learning techniques can be categorized into supervised learning,unsupervised learning,and reinforcement learning,each suited for different types of data and learning objectives.","Deep learning,while powerful,often requires large amounts of labeled training data and significant computational resources to achieve high performance.","entailment"
"Machine learning models,despite their predictive capabilities,may lack interpretability,making it challenging to understand the reasoning behind their decisions.","Deep learning models,although highly accurate,may face challenges in interpreting the underlying logic of their predictions,resulting in the term 'black box' models.","entailment"
"Natural language processing (NLP),a branch of artificial intelligence,focuses on enabling computers to understand,interpret,and generate human language.","Sentiment analysis,a common NLP application,aims to determine the emotional tone of a piece of text,such as positive,negative,or neutral sentiment.","entailment"
"Natural language processing has numerous applications,including machine translation,chatbots,voice assistants,and text summarization,revolutionizing human-computer interactions.","Sentiment analysis,although valuable,may have limitations in accurately interpreting complex emotions or sarcasm in text,leading to potential misinterpretations.","entailment"
"Computer graphics is a field that deals with the creation,manipulation,and representation of visual imagery using computer technology,encompassing areas like 2D graphics,3D modeling,and animation.","Computer vision,another computer science field,focuses on enabling computers to understand and interpret visual information from the real world,similar to human vision.","neutral"
"Computer graphics has diverse applications,including video games,movie special effects,architectural visualization,and data visualization.","Computer vision,when integrated with robotics,enables machines to perceive and navigate the physical environment autonomously.","entailment"
"Data mining,a subset of data science,involves the process of discovering patterns,relationships,and insights from large datasets using statistical techniques and machine learning algorithms.","Data visualization,another key aspect of data science,focuses on presenting data in visual formats like charts and graphs to facilitate understanding and decision-making.","neutral"
"Data mining has applications in various domains,including market analysis,customer segmentation,fraud detection,and healthcare informatics.","Data visualization,when combined with data mining,aids in identifying patterns and trends in data more effectively.","entailment"
"Data mining techniques,like association rule mining and clustering,can help businesses gain valuable insights into customer behavior and preferences.","Data visualization tools,such as Tableau and Power BI,enable users to create interactive and dynamic visualizations from large datasets.","entailment"
"Computer networks,a crucial aspect of modern communication,allow devices and systems to share resources and information,enabling internet connectivity and global communication.","Internet of Things (IoT),an emerging technology,involves connecting everyday objects and devices to the internet,enabling them to collect and exchange data.","neutral"
"Computer networks have different topologies,including star,bus,ring,and mesh,each offering unique advantages and disadvantages in terms of scalability and fault tolerance.","Internet of Things (IoT) devices,when interconnected,create a network of smart devices capable of exchanging data and automating tasks,enhancing convenience and efficiency.","entailment"
"Cybersecurity,a critical concern in the digital age,involves protecting computer systems,networks,and data from unauthorized access,breaches,and cyberattacks.","Ethical hacking,also known as penetration testing,involves simulating cyberattacks to identify vulnerabilities and weaknesses in computer systems.","entailment"
"Effective cybersecurity measures,including encryption,firewalls,and intrusion detection systems,are essential in safeguarding sensitive data and ensuring data privacy.","Ethical hacking,when performed by trained professionals,helps organizations proactively identify and fix vulnerabilities before malicious hackers can exploit them.","entailment"
"Cloud computing,a paradigm that offers on-demand access to shared computing resources over the internet,enables businesses to scale applications and services dynamically.","Serverless computing,a cloud computing model,allows developers to focus solely on writing code without managing server infrastructure,leading to increased development speed and reduced operational costs.","entailment"
"Cloud computing services are available in different deployment models,including public,private,hybrid,and multi-cloud,catering to diverse organizational requirements.","Serverless computing,despite its advantages,may not be suitable for all applications,particularly those with predictable and consistent workloads.","entailment"
"Cloud computing,with its pay-as-you-go pricing model,provides cost-effective solutions for businesses by allowing them to pay only for the resources they use.","Serverless computing,when combined with microservices architecture,enables developers to build scalable and modular applications that can adapt to changing demands.","entailment"
"Big data analytics is a game-changer in various industries,empowering businesses to harness the power of data to identify market trends,customer preferences,and operational inefficiencies,leading to better strategies and increased productivity.","Traditional data analytics primarily focuses on structured data stored in relational databases,whereas big data analytics deals with vast and diverse datasets from multiple sources,requiring distributed computing and parallel processing.","contradiction"
"Cloud computing has different service models,including Infrastructure as a Service (IaaS),Platform as a Service (PaaS),and Software as a Service (SaaS),providing users with the flexibility to choose the level of control and management they require for their applications.","Virtualization,widely used in data centers,reduces hardware costs and increases server efficiency by creating virtual machines that run multiple operating systems and applications on a single physical server.","neutral"
"Blockchain technology,a decentralized and immutable ledger system,ensures the transparency,security,and tamper-proof nature of transaction records,making it a suitable solution for various applications like cryptocurrency,supply chain management,and identity verification.","Smart contracts,self-executing contracts with predefined conditions and automated enforcement,are an integral part of blockchain applications,enabling trustless and secure interactions between parties without the need for intermediaries.","entailment"
"Blockchain technology,initially introduced as the underlying technology for Bitcoin,has evolved into a versatile platform that can be applied to various industries,including healthcare,finance,real estate,and voting systems,ensuring transparency,traceability,and data integrity.","Smart contracts,programmed using blockchain technology,execute automatically when specific conditions are met,eliminating the need for intermediaries and reducing the risk of fraud or manipulation.","entailment"
"Python is a widely used and versatile programming language known for its simplicity,readability,and extensive standard library,making it an excellent choice for a wide range of applications from web development to data analysis.","Java,similar to Python,is also a popular and powerful programming language that is commonly used for developing large-scale enterprise applications.","contradiction"
"Python,a high-level,interpreted programming language,gained immense popularity due to its user-friendly syntax,dynamic typing,and strong community support,making it an ideal choice for both beginners and experienced developers.","Java,another widely used programming language,is not as user-friendly as Python,and it requires more boilerplate code for certain tasks.","contradiction"
"Python,though known for its simplicity,may face performance challenges when dealing with computationally intensive tasks compared to lower-level languages like C++ or Rust.","Java,in contrast to Python,offers more strict type checking and static analysis,resulting in fewer runtime errors and increased code reliability.","contradiction"
"Artificial Intelligence,often referred to as AI,is a field that aims to create intelligent agents capable of simulating human-like intelligence,understanding natural language,recognizing objects in images,and making decisions based on data.","Machine learning,a subfield of AI,employs statistical techniques to enable machines to learn and improve from experience without being explicitly programmed.","entailment"
"Artificial Intelligence may face ethical concerns and biases,especially in applications like facial recognition,if not properly trained and supervised during the machine learning process.","Machine learning,while a powerful tool,can be limited by the quality and diversity of the training data,potentially leading to biased or inaccurate predictions.","entailment"
"Data structures are fundamental components in computer science and software engineering,playing a crucial role in designing efficient algorithms for processing,organizing,and managing data effectively and ensuring optimal performance of applications and systems complex interdependencies between tasks.","neutral"
"Software development involves a high level of creativity and problem-solving,but unrealistic deadlines or constant scope changes may lead to burnout or compromise the quality of the final product.","Scrum,while promoting transparency and flexibility,relies heavily on active team participation,and a lack of team engagement may hinder the successful implementation of the framework.","neutral"
"Web development involves the creation,design,and maintenance of websites and web applications,making use of various programming languages,such as HTML,CSS,and JavaScript,along with frameworks like React.js,Angular,and Vue.js,to deliver dynamic and interactive user experiences.","React.js,a popular front-end JavaScript library developed by Facebook,is widely used for building user interfaces for single-page applications,offering a component-based architecture and efficient rendering.","contradiction"
"Web development encompasses both front-end and back-end development,where front-end developers focus on creating the user interface and user experience using HTML,CSS,and JavaScript,while back-end developers work on server-side technologies and databases to handle application logic and data storage.","React.js,along with other front-end frameworks like Angular and Vue.js,enables developers to create interactive and responsive user interfaces that enhance the overall user experience.","entailment"
"Web development has seen significant advancements with the rise of front-end libraries like React.js,Vue.js,and Svelte,which enable developers to build scalable and high-performance user interfaces.","React.js,though popular,may not always be the best choice for small projects due to its additional learning curve and overhead.","entailment"
"JavaScript,a crucial part of web development,allows for dynamic interactions and enhanced user experiences,but it may also introduce security vulnerabilities like cross-site scripting (XSS) if not properly secured.","React.js,being component-based,encourages code reusability and modularization,making it easier to maintain and scale large web applications.","entailment"
"React.js,with its virtual DOM (Document Object Model) implementation,optimizes rendering and minimizes the need for full-page reloads,resulting in faster and more efficient web applications.","JavaScript,as a scripting language,may introduce browser compatibility issues,requiring developers to test and handle various browser differences.","entailment"
"JavaScript frameworks like React.js,Vue.js,and Angular enable developers to build single-page applications (SPAs) that provide a seamless and responsive user experience without page reloads.","Web development with JavaScript frameworks like React.js may lead to longer initial load times compared to traditional multi-page applications.","entailment"
"TCP/IP,along with other networking protocols,allows for efficient data transmission and error recovery,making it reliable for long-distance communication across the internet.","HTTP,as an application-layer protocol,is not suitable for real-time communication,and it lacks built-in mechanisms for ensuring message delivery.","neutral"
"TCP/IP,being the foundation of the internet,provides a standardized set of protocols that enable seamless communication between devices and networks worldwide.","HTTP,despite its widespread use,may not be the best choice for secure communication and is often complemented with HTTPS for encrypted data transmission.","neutral"
"Mobile applications,also known as mobile apps,have gained immense popularity due to their accessibility and functionality on smartphones and tablets,providing users with a wide range of services,including social networking,productivity tools,entertainment,and e-commerce.","iOS,developed by Apple Inc.,is a mobile operating system used exclusively on Apple devices like iPhones and iPads,known for its user-friendly interface,seamless integration with Apple's ecosystem,and strict app quality standards.","contradiction"
"Mobile applications are continuously evolving,integrating advanced features like augmented reality (AR),virtual reality (VR),and artificial intelligence (AI) to enhance user experiences and capabilities.","iOS,with its closed ecosystem,provides a high level of security and privacy but may limit the customization options available to users and developers.","entailment"
"Mobile applications cater to various user needs,including health and fitness,education,gaming,and financial management,offering a vast array of choices on app stores for different platforms.","iOS,while known for its seamless user experience,may not be the preferred choice for users who seek more freedom in customizing their devices.","entailment"
"Mobile applications,thanks to the advancements in mobile technology,now offer features like offline access,real-time notifications,and cloud-based storage,providing a seamless and connected experience for users.","iOS,despite its popularity,may not support certain hardware features or accessories from third-party manufacturers,limiting user options.","entailment"
"Mobile applications are classified into native apps,web apps,and hybrid apps,each having its own advantages and limitations,offering users diverse options for accessing services and content on their mobile devices.","iOS,being a closed-source operating system,offers a curated and controlled app environment,providing enhanced security and stability but requiring compliance with Apple's guidelines for app submission and approval.","entailment"
"Mobile applications developed natively for specific platforms like iOS and Android can provide superior performance and user experience compared to cross-platform hybrid apps.","iOS,while known for its strict app review process,ensures that the apps available on its app store meet quality and security standards,providing users with a safer app ecosystem.","entailment"
"TCP/IP,a foundational protocol suite,enables reliable and seamless communication between devices over the internet,serving as the backbone for data transmission and routing across networks,ensuring that data packets reach their intended destinations.","Contrary to TCP/IP,HTTP is a stateless protocol commonly used for transmitting data in web browsing,facilitating the retrieval of resources like web pages,images,and videos from web servers to web browsers.","neutral"
"TCP/IP,along with other networking protocols,allows for efficient data transmission and error recovery,making it reliable for long-distance communication across the internet.","HTTP,as an application-layer protocol,is not suitable for real-time communication,and it lacks built-in mechanisms for ensuring message delivery.","neutral"
"TCP/IP,being the foundation of the internet,provides a standardized set of protocols that enable seamless communication between devices and networks worldwide.","HTTP,despite its widespread use,may not be the best choice for secure communication and is often complemented with HTTPS for encrypted data transmission.","neutral"
"Machine learning algorithms,such as linear regression,decision trees,and support vector machines,are widely used for data analysis,pattern recognition,and prediction tasks.","Deep learning,a subfield of machine learning,employs artificial neural networks with multiple layers to process and understand complex data,achieving state-of-the-art results in tasks like image recognition and natural language processing.","entailment"
"Machine learning techniques can be categorized into supervised learning,unsupervised learning,and reinforcement learning,each suited for different types of data and learning objectives.","Deep learning,while powerful,often requires large amounts of labeled training data and significant computational resources to achieve high performance.","entailment"
"Machine learning models,despite their predictive capabilities,may lack interpretability,making it challenging to understand the reasoning behind their decisions.","Deep learning models,although highly accurate,may face challenges in interpreting the underlying logic of their predictions,resulting in the term 'black box' models.","entailment"
"Natural language processing (NLP),a branch of artificial intelligence,focuses on enabling computers to understand,interpret,and generate human language.","Sentiment analysis,a common NLP application,aims to determine the emotional tone of a piece of text,such as positive,negative,or neutral sentiment.","entailment"
"Natural language processing has numerous applications,including machine translation,chatbots,voice assistants,and text summarization,revolutionizing human-computer interactions.","Sentiment analysis,although valuable,may have limitations in accurately interpreting complex emotions or sarcasm in text,leading to potential misinterpretations.","entailment"
"Computer graphics is a field that deals with the creation,manipulation,and representation of visual imagery using computer technology,encompassing areas like 2D graphics,3D modeling,and animation.","Computer vision,another computer science field,focuses on enabling computers to understand and interpret visual information from the real world,similar to human vision.","neutral"
"Computer graphics has diverse applications,including video games,movie special effects,architectural visualization,and data visualization.","Computer vision,when integrated with robotics,enables machines to perceive and navigate the physical environment autonomously.","entailment"
"Computer graphics techniques,like ray tracing and rasterization,are used to generate realistic images and scenes in video games and movies.","Computer vision,with its object detection and tracking capabilities,has applications in surveillance,autonomous vehicles,and augmented reality.","entailment"
"Data mining,a subset of data science,involves the process of discovering patterns,relationships,and insights from large datasets using statistical techniques and machine learning algorithms.","Data visualization,another key aspect of data science,focuses on presenting data in visual formats like charts and graphs to facilitate understanding and decision-making.","neutral"
"Data mining has applications in various domains,including market analysis,customer segmentation,fraud detection,and healthcare informatics.","Data visualization,when combined with data mining,aids in identifying patterns and trends in data more effectively.","entailment"
"Data mining techniques,like association rule mining and clustering,can help businesses gain valuable insights into customer behavior and preferences.","Data visualization tools,such as Tableau and Power BI,enable users to create interactive and dynamic visualizations from large datasets.","entailment"
"Computer networks,a crucial aspect of modern communication,allow devices and systems to share resources and information,enabling internet connectivity and global communication.","Internet of Things (IoT),an emerging technology,involves connecting everyday objects and devices to the internet,enabling them to collect and exchange data.","neutral"
"Computer networks have different topologies,including star,bus,ring,and mesh,each offering unique advantages and disadvantages in terms of scalability and fault tolerance.","Internet of Things (IoT) devices,when interconnected,create a network of smart devices capable of exchanging data and automating tasks,enhancing convenience and efficiency.","entailment"
"Computer networks,with the proliferation of cloud computing,provide the foundation for cloud-based services and applications,allowing users to access resources and data remotely.","Internet of Things (IoT) devices,when connected to cloud platforms,can leverage cloud computing for data storage,processing,and analysis.","entailment"
"Cybersecurity,a critical concern in the digital age,involves protecting computer systems,networks,and data from unauthorized access,breaches,and cyberattacks.","Ethical hacking,also known as penetration testing,involves simulating cyberattacks to identify vulnerabilities and weaknesses in computer systems.","entailment"
"Effective cybersecurity measures,including encryption,firewalls,and intrusion detection systems,are essential in safeguarding sensitive data and ensuring data privacy.","Ethical hacking,when performed by trained professionals,helps organizations proactively identify and fix vulnerabilities before malicious hackers can exploit them.","entailment"
"Cloud computing,a paradigm that offers on-demand access to shared computing resources over the internet,enables businesses to scale applications and services dynamically.","Serverless computing,a cloud computing model,allows developers to focus solely on writing code without managing server infrastructure,leading to increased development speed and reduced operational costs.","entailment"
 use.","Serverless computing,when combined with microservices architecture,enables developers to build scalable and modular applications that can adapt to changing demands.","entailment"
"Big data analytics leverages advanced techniques,including data mining,machine learning,and statistical analysis,to extract valuable insights from vast and complex datasets,enabling data-driven decision-making and gaining a competitive edge in today's data-driven world.","Contrary to common belief,big data analytics is not limited to structured data but can process and analyze unstructured data as well,including text,images,audio,and video data.","contradiction"
"Big data analytics is a game-changer in various industries,empowering businesses to harness the power of data to identify market trends,customer preferences,and operational inefficiencies,leading to better strategies and increased productivity.","Traditional data analytics primarily focuses on structured data stored in relational databases,whereas big data analytics deals with vast and diverse datasets from multiple sources,requiring distributed computing and parallel processing.","contradiction"
"Cloud computing is a paradigm that offers on-demand access to a shared pool of computing resources,including networks,storage,and applications,delivered over the internet,providing scalability,flexibility,and cost-efficiency for businesses and organizations.","In contrast,virtualization refers to the process of creating virtual versions of hardware,operating systems,storage devices,or other resources,allowing multiple virtual machines to run on a single physical machine,thereby optimizing resource utilization.","contradiction"
"Cloud computing has different service models,including Infrastructure as a Service (IaaS),Platform as a Service (PaaS),and Software as a Service (SaaS),providing users with the flexibility to choose the level of control and management they require for their applications.","Virtualization,widely used in data centers,reduces hardware costs and increases server efficiency by creating virtual machines that run multiple operating systems and applications on a single physical server.","neutral"
"Blockchain technology,a decentralized and immutable ledger system,ensures the transparency,security,and tamper-proof nature of transaction records,making it a suitable solution for various applications like cryptocurrency,supply chain management,and identity verification.","Smart contracts,self-executing contracts with predefined conditions and automated enforcement,are an integral part of blockchain applications,enabling trustless and secure interactions between parties without the need for intermediaries.","entailment"
"Blockchain technology,initially introduced as the underlying technology for Bitcoin,has evolved into a versatile platform that can be applied to various industries,including healthcare,finance,real estate,and voting systems,ensuring transparency,traceability,and data integrity.","Smart contracts,programmed using blockchain technology,execute automatically when specific conditions are met,eliminating the need for intermediaries and reducing the risk of fraud or manipulation.","entailment"
"Python is a widely used and versatile programming language known for its simplicity,readability,and extensive standard library,making it an excellent choice for a wide range of applications from web development to data analysis.","Java,similar to Python,is also a popular and powerful programming language that is commonly used for developing large-scale enterprise applications.","contradiction"
"Python,a high-level,interpreted programming language,gained immense popularity due to its user-friendly syntax,dynamic typing,and strong community support,making it an ideal choice for both beginners and experienced developers.","Java,another widely used programming language,is not as user-friendly as Python,and it requires more boilerplate code for certain tasks.","contradiction"
"Python,though known for its simplicity,may face performance challenges when dealing with computationally intensive tasks compared to lower-level languages like C++ or Rust.","Java,in contrast to Python,offers more strict type checking and static analysis,resulting in fewer runtime errors and increased code reliability.","contradiction"
"Artificial Intelligence,a rapidly evolving field at the intersection of computer science and cognitive science,has the potential to transform multiple industries,improve everyday life,and drive significant advancements in various sectors such as healthcare,finance,and transportation.","Machine learning,a subset of Artificial Intelligence,focuses on creating and training algorithms that enable computers to learn from data,recognize patterns,and make predictions or decisions without being explicitly programmed for each scenario.","entailment"
"Artificial Intelligence,often referred to as AI,is a field that aims to create intelligent agents capable of simulating human-like intelligence,understanding natural language,recognizing objects in images,and making decisions based on data.","Machine learning,a subfield of AI,employs statistical techniques to enable machines to learn and improve from experience without being explicitly programmed.","entailment"
"Artificial Intelligence may face ethical concerns and biases,especially in applications like facial recognition,if not properly trained and supervised during the machine learning process.","Machine learning,while a powerful tool,can be limited by the quality and diversity of the training data,potentially leading to biased or inaccurate predictions.","entailment"
"Data structures are fundamental components in computer science and software engineering,playing a crucial role in designing efficient algorithms for processing,organizing,and managing data effectively and ensuring optimal performance of applications and systems.","Sorting algorithms,a specific type of algorithm used in computer science,are designed to rearrange data structures in a specific order,such as ascending or descending,to facilitate searching,retrieval,or other operations.","neutral"
"Data structures,such as arrays,linked lists,and trees,are essential for storing and organizing data in computer memory,allowing efficient access,insertion,and deletion of elements.","Sorting algorithms,like quicksort,mergesort,and heapsort,are essential for arranging elements in a specific order,improving search and data retrieval efficiency.","neutral"
"Data structures and algorithms are vital in computer science,but incorrect implementation or selection may lead to poor performance,bugs,or even security vulnerabilities in software.","Sorting algorithms,if not properly optimized,can result in inefficient sorting times and may become a bottleneck in applications dealing with large datasets.","neutral"
"Software development is a comprehensive process that involves writing,testing,and maintaining software applications or systems,encompassing various phases like requirement analysis,design,implementation,testing,deployment,and maintenance,adhering to development methodologies like Agile,Scrum,and Waterfall.","Scrum,an agile project management framework,is commonly used to manage software development projects and increase productivity by breaking down complex tasks into manageable iterations called sprints,fostering collaboration and delivering value to customers quickly.","neutral"
"Software development methodologies vary based on project requirements and team preferences,with Agile methodologies emphasizing adaptability and customer collaboration,while Waterfall methodologies follow a sequential approach with defined phases and rigid requirements before moving to the next phase.","Scrum,although effective in many cases,may face challenges in projects with highly unpredictable complex interdependencies between tasks.","neutral"
"Software development involves a high level of creativity and problem-solving,but unrealistic deadlines or constant scope changes may lead to burnout or compromise the quality of the final product.","Scrum,while promoting transparency and flexibility,relies heavily on active team participation,and a lack of team engagement may hinder the successful implementation of the framework.","neutral"
"Web development involves the creation,design,and maintenance of websites and web applications,making use of various programming languages,such as HTML,CSS,and JavaScript,along with frameworks like React.js,Angular,and Vue.js,to deliver dynamic and interactive user experiences.","React.js,a popular front-end JavaScript library developed by Facebook,is widely used for building user interfaces for single-page applications,offering a component-based architecture and efficient rendering.","contradiction"
"Web development encompasses both front-end and back-end development,where front-end developers focus on creating the user interface and user experience using HTML,CSS,and JavaScript,while back-end developers work on server-side technologies and databases to handle application logic and data storage.","React.js,along with other front-end frameworks like Angular and Vue.js,enables developers to create interactive and responsive user interfaces that enhance the overall user experience.","entailment"
"Web development has seen significant advancements with the rise of front-end libraries like React.js,Vue.js,and Svelte,which enable developers to build scalable and high-performance user interfaces.","React.js,though popular,may not always be the best choice for small projects due to its additional learning curve and overhead.","entailment"
"JavaScript,a crucial part of web development,allows for dynamic interactions and enhanced user experiences,but it may also introduce security vulnerabilities like cross-site scripting (XSS) if not properly secured.","React.js,being component-based,encourages code reusability and modularization,making it easier to maintain and scale large web applications.","entailment"
"React.js,with its virtual DOM (Document Object Model) implementation,optimizes rendering and minimizes the need for full-page reloads,resulting in faster and more efficient web applications.","JavaScript,as a scripting language,may introduce browser compatibility issues,requiring developers to test and handle various browser differences.","entailment"
"JavaScript frameworks like React.js,Vue.js,and Angular enable developers to build single-page applications (SPAs) that provide a seamless and responsive user experience without page reloads.","Web development with JavaScript frameworks like React.js may lead to longer initial load times compared to traditional multi-page applications.","entailment"
"TCP/IP,along with other networking protocols,allows for efficient data transmission and error recovery,making it reliable for long-distance communication across the internet.","HTTP,as an application-layer protocol,is not suitable for real-time communication,and it lacks built-in mechanisms for ensuring message delivery.","neutral"
"TCP/IP,being the foundation of the internet,provides a standardized set of protocols that enable seamless communication between devices and networks worldwide.","HTTP,despite its widespread use,may not be the best choice for secure communication and is often complemented with HTTPS for encrypted data transmission.","neutral"
"Mobile applications,also known as mobile apps,have gained immense popularity due to their accessibility and functionality on smartphones and tablets,providing users with a wide range of services,including social networking,productivity tools,entertainment,and e-commerce.","iOS,developed by Apple Inc.,is a mobile operating system used exclusively on Apple devices like iPhones and iPads,known for its user-friendly interface,seamless integration with Apple's ecosystem,and strict app quality standards.","contradiction"
"Mobile applications are continuously evolving,integrating advanced features like augmented reality (AR),virtual reality (VR),and artificial intelligence (AI) to enhance user experiences and capabilities.","iOS,with its closed ecosystem,provides a high level of security and privacy but may limit the customization options available to users and developers.","entailment"
"Mobile applications cater to various user needs,including health and fitness,education,gaming,and financial management,offering a vast array of choices on app stores for different platforms.","iOS,while known for its seamless user experience,may not be the preferred choice for users who seek more freedom in customizing their devices.","entailment"
"Cloud computing is a revolutionary technology that allows businesses to access computing resources over the internet,enabling scalability and flexibility for their applications.","Virtualization,a key component of cloud computing,allows multiple virtual machines to run on a single physical machine,optimizing resource utilization.","entailment"
"Cloud computing services offer cost-effective solutions for businesses by providing on-demand access to a vast pool of computing resources.","Virtualization technology abstracts hardware resources,enabling multiple operating systems to run on a single physical server.","entailment"
"Blockchain technology ensures the security and transparency of transactions by using decentralized and immutable ledgers.","Smart contracts,powered by blockchain technology,execute automatically when predefined conditions are met.","entailment"
"Blockchain applications have the potential to revolutionize supply chain management by providing an immutable and transparent record of product movements.","Smart contracts eliminate the need for intermediaries in transactions,making them more efficient and cost-effective.","entailment"
"Python's simplicity and readability make it an excellent choice for beginners in the programming world.","Java,known for its platform independence,is often used for enterprise-level applications.","contradiction"
"Python's extensive standard library offers a wide range of pre-built modules and functions,streamlining the development process.","Java's static typing provides increased code reliability and catches errors at compile-time.","entailment"
"Artificial Intelligence has transformed various industries,including healthcare,finance,and marketing,through data analysis and predictive modeling.","Machine learning,a subset of AI,enables computers to learn from data and make decisions without explicit programming.","entailment"
"Data structures are fundamental for efficient data storage and retrieval in computer memory.","Sorting algorithms are crucial for arranging data elements in a specific order,enhancing search efficiency.","entailment"
"Software development methodologies like Agile and Waterfall offer different approaches to manage projects and development processes.","Agile development emphasizes iterative and customer-centric development,while Waterfall follows a sequential and plan-driven approach.","entailment"
"Web development involves front-end and back-end development,where front-end focuses on user interface and back-end handles application logic.","React.js,a popular front-end framework,offers a component-based architecture for building user interfaces.","entailment"
"TCP/IP,the backbone of the internet,ensures reliable data transmission between devices.","HTTP,a stateless protocol,facilitates resource retrieval in web browsing.","neutral"
"Mobile applications have transformed how people interact with technology,offering various services from social networking to e-commerce.","iOS,developed by Apple Inc.,is known for its user-friendly interface and stringent app quality standards.","contradiction"
"Data mining extracts valuable insights from large datasets using statistical techniques and machine learning algorithms.","Data visualization presents data in graphical formats,aiding in understanding patterns and trends.","neutral"
"Computer networks enable devices to share resources and information,enabling global connectivity.","Internet of Things (IoT) involves connecting everyday objects to the internet,enabling data exchange and automation.","neutral"
"Cybersecurity is vital for protecting computer systems and data from unauthorized access and cyberattacks.","Ethical hacking simulates cyberattacks to identify system vulnerabilities and improve security.","entailment"
"Cloud computing enables businesses to scale applications dynamically based on demand.","Serverless computing allows developers to focus solely on writing code without managing server infrastructure.","entailment"
"Big data analytics extracts valuable insights from vast and complex datasets using machine learning and statistical techniques.","Big data analytics can process and analyze unstructured data,including text,images,audio,and video data.","entailment"
"Java,known for its platform independence,is commonly used for enterprise-level applications.","Python's user-friendly syntax makes it a preferred choice for beginners in programming.","contradiction"
"Python's extensive standard library offers a wide range of pre-built modules and functions,streamlining the development process.","Java's static typing provides increased code reliability and catches errors at compile-time.","entailment"
"Machine learning enables computers to learn from data and make decisions without explicit programming.","Artificial Intelligence has transformed various industries,including healthcare,finance,and marketing,through data analysis and predictive modeling.","contradiction"
"Sorting algorithms are crucial for arranging data elements in a specific order,enhancing search efficiency.","Data structures are fundamental for efficient data storage and retrieval in computer memory.","entailment"
"Agile development emphasizes iterative and customer-centric development,while Waterfall follows a sequential and plan-driven approach.","Software development methodologies like Agile and Waterfall offer different approaches to manage projects and development processes.","entailment"
"React.js,a popular front-end framework,offers a component-based architecture for building user interfaces.","Web development involves front-end and back-end development,where front-end focuses on user interface and back-end handles application logic.","entailment"
"iOS,developed by Apple Inc.,is known for its user-friendly interface and stringent app quality standards.","Mobile applications have transformed how people interact with technology,offering various services from social networking to e-commerce.","contradiction"
"Data visualization presents data in graphical formats,aiding in understanding patterns and trends.","Data mining extracts valuable insights from large datasets using statistical techniques and machine learning algorithms.","neutral"
"Internet of Things (IoT) involves connecting everyday objects to the internet,enabling data exchange and automation.","Computer networks enable devices to share resources and information,enabling global connectivity.","neutral"
"Ethical hacking simulates cyberattacks to identify system vulnerabilities and improve security.","Cybersecurity is vital for protecting computer systems and data from unauthorized access and cyberattacks.","entailment"
"Serverless computing allows developers to focus solely on writing code without managing server infrastructure.","Cloud computing enables businesses to scale applications dynamically based on demand.","entailment"
"Big data analytics can process and analyze unstructured data,including text,images,audio,and video data.","Big data analytics extracts valuable insights from vast and complex datasets using machine learning and statistical techniques.","entailment"
"Java,known for its platform independence,is commonly used for enterprise-level applications.","Python's user-friendly syntax makes it a preferred choice for beginners in programming.","contradiction"
"Python's extensive standard library offers a wide range of pre-built modules and functions,streamlining the development process.","Java's static typing provides increased code reliability and catches errors at compile-time.","entailment"
"Machine learning enables computers to learn from data and make decisions without explicit programming.","Artificial Intelligence has transformed various industries,including healthcare,finance,and marketing,through data analysis and predictive modeling.","contradiction"
"Sorting algorithms are crucial for arranging data elements in a specific order,enhancing search efficiency.","Data structures are fundamental for efficient data storage and retrieval in computer memory.","entailment"
"Agile development emphasizes iterative and customer-centric development,while Waterfall follows a sequential and plan-driven approach.","Software development methodologies like Agile and Waterfall offer different approaches to manage projects and development processes.","entailment"
"React.js,a popular front-end framework,offers a component-based architecture for building user interfaces.","Web development involves front-end and back-end development,where front-end focuses on user interface and back-end handles application logic.","entailment"
"iOS,developed by Apple Inc.,is known for its user-friendly interface and stringent app quality standards.","Mobile applications have transformed how people interact with technology,offering various services from social networking to e-commerce.","contradiction"
"Data visualization presents data in graphical formats,aiding in understanding patterns and trends.","Data mining extracts valuable insights from large datasets using statistical techniques and machine learning algorithms.","neutral"
"Internet of Things (IoT) involves connecting everyday objects to the internet,enabling data exchange and automation.","Computer networks enable devices to share resources and information,enabling global connectivity.","neutral"
"Ethical hacking simulates cyberattacks to identify system vulnerabilities and improve security.","Cybersecurity is vital for protecting computer systems and data from unauthorized access and cyberattacks.","entailment"
"Serverless computing allows developers to focus solely on writing code without managing server infrastructure.","Cloud computing enables businesses to scale applications dynamically based on demand.","entailment"
"Big data analytics can process and analyze unstructured data,including text,images,audio,and video data.","Big data analytics extracts valuable insights from vast and complex datasets using machine learning and statistical techniques.","entailment"
"Java,known for its platform independence,is commonly used for enterprise-level applications.","Python's user-friendly syntax makes it a preferred choice for beginners in programming.","contradiction"
"Python's extensive standard library offers a wide range of pre-built modules and functions,streamlining the development process.","Java's static typing provides increased code reliability and catches errors at compile-time.","entailment"
"Machine learning enables computers to learn from data and make decisions without explicit programming.","Artificial Intelligence has transformed various industries,including healthcare,finance,and marketing,through data analysis and predictive modeling.","contradiction"
"Sorting algorithms are crucial for arranging data elements in a specific order,enhancing search efficiency.","Data structures are fundamental for efficient data storage and retrieval in computer memory.","entailment"
"Agile development emphasizes iterative and customer-centric development,while Waterfall follows a sequential and plan-driven approach.","Software development methodologies like Agile and Waterfall offer different approaches to manage projects and development processes.","entailment"
"React.js,a popular front-end framework,offers a component-based architecture for building user interfaces.","Web development involves front-end and back-end development,where front-end focuses on user interface and back-end handles application logic.","entailment"
"iOS,developed by Apple Inc.,is known for its user-friendly interface and stringent app quality standards.","Mobile applications have transformed how people interact with technology,offering various services from social networking to e-commerce.","contradiction"
"Data visualization presents data in graphical formats,aiding in understanding patterns and trends.","Data mining extracts valuable insights from large datasets using statistical techniques and machine learning algorithms.","neutral"
"Internet of Things (IoT) involves connecting everyday objects to the internet,enabling data exchange and automation.","Computer networks enable devices to share resources and information,enabling global connectivity.","neutral"
"Ethical hacking simulates cyberattacks to identify system vulnerabilities and improve security.","Cybersecurity is vital for protecting computer systems and data from unauthorized access and cyberattacks.","entailment"
"Serverless computing allows developers to focus solely on writing code without managing server infrastructure.","Cloud computing enables businesses to scale applications dynamically based on demand.","entailment"
"Big data analytics can process and analyze unstructured data,including text,images,audio,and video data.","Big data analytics extracts valuable insights from vast and complex datasets using machine learning and statistical techniques.","entailment"
"Java,known for its platform independence,is commonly used for enterprise-level applications.","Python's user-friendly syntax makes it a preferred choice for beginners in programming.","contradiction"
"Python's extensive standard library offers a wide range of pre-built modules and functions,streamlining the development process.","Java's static typing provides increased code reliability and catches errors at compile-time.","entailment"
"Machine learning enables computers to learn from data and make decisions without explicit programming.","Artificial Intelligence has transformed various industries,including healthcare,finance,and marketing,through data analysis and predictive modeling.","contradiction"
"Sorting algorithms are crucial for arranging data elements in a specific order,enhancing search efficiency.","Data structures are fundamental for efficient data storage and retrieval in computer memory.","entailment"
"Agile development emphasizes iterative and customer-centric development,while Waterfall follows a sequential and plan-driven approach.","Software development methodologies like Agile and Waterfall offer different approaches to manage projects and development processes.","entailment"
"React.js,a popular front-end framework,offers a component-based architecture for building user interfaces.","Web development involves front-end and back-end development,where front-end focuses on user interface and back-end handles application logic.","entailment"
"iOS,developed by Apple Inc.,is known for its user-friendly interface and stringent app quality standards.","Mobile applications have transformed how people interact with technology,offering various services from social networking to e-commerce.","contradiction"
"Data visualization presents data in graphical formats,aiding in understanding patterns and trends.","Data mining extracts valuable insights from large datasets using statistical techniques and machine learning algorithms.","neutral"
"Internet of Things (IoT) involves connecting everyday objects to the internet,enabling data exchange and automation.","Computer networks enable devices to share resources and information,enabling global connectivity.","neutral"
"Ethical hacking simulates cyberattacks to identify system vulnerabilities and improve security.","Cybersecurity is vital for protecting computer systems and data from unauthorized access and cyberattacks.","entailment"
"Serverless computing allows developers to focus solely on writing code without managing server infrastructure.","Cloud computing enables businesses to scale applications dynamically based on demand.","entailment"
"Big data analytics can process and analyze unstructured data,including text,images,audio,and video data.","Big data analytics extracts valuable insights from vast and complex datasets using machine learning and statistical techniques.","entailment"
"Java,known for its platform independence,is commonly used for enterprise-level applications.","Python's user-friendly syntax makes it a preferred choice for beginners in programming.","contradiction"
"Python's extensive standard library offers a wide range of pre-built modules and functions,streamlining the development process.","Java's static typing provides increased code reliability and catches errors at compile-time.","entailment"
"Machine learning enables computers to learn from data and make decisions without explicit programming.","Artificial Intelligence has transformed various industries,including healthcare,finance,and marketing,through data analysis and predictive modeling.","contradiction"
"Sorting algorithms are crucial for arranging data elements in a specific order,enhancing search efficiency.","Data structures are fundamental for efficient data storage and retrieval in computer memory.","entailment"
"Agile development emphasizes iterative and customer-centric development,while Waterfall follows a sequential and plan-driven approach.","Software development methodologies like Agile and Waterfall offer different approaches to manage projects and development processes.","entailment"
"React.js,a popular front-end framework,offers a component-based architecture for building user interfaces.","Web development involves front-end and back-end development,where front-end focuses on user interface and back-end handles application logic.","entailment"
"iOS,developed by Apple Inc.,is known for its user-friendly interface and stringent app quality standards.","Mobile applications have transformed how people interact with technology,offering various services from social networking to e-commerce.","contradiction"
"Data visualization presents data in graphical formats,aiding in understanding patterns and trends.","Data mining extracts valuable insights from large datasets using statistical techniques and machine learning algorithms.","neutral"
"Internet of Things (IoT) involves connecting everyday objects to the internet,enabling data exchange and automation.","Computer networks enable devices to share resources and information,enabling global connectivity.","neutral"
"Ethical hacking simulates cyberattacks to identify system vulnerabilities and improve security.","Cybersecurity is vital for protecting computer systems and data from unauthorized access and cyberattacks.","entailment"
"Serverless computing allows developers to focus solely on writing code without managing server infrastructure.","Cloud computing enables businesses to scale applications dynamically based on demand.","entailment"
"Big data analytics can process and analyze unstructured data,including text,images,audio,and video data.","Big data analytics extracts valuable insights from vast and complex datasets using machine learning and statistical techniques.","entailment"
"Java,known for its platform independence,is commonly used for enterprise-level applications.","Python's user-friendly syntax makes it a preferred choice for beginners in programming.","contradiction"
"Python's extensive standard library offers a wide range of pre-built modules and functions,streamlining the development process.","Java's static typing provides increased code reliability and catches errors at compile-time.","entailment"
"Machine learning enables computers to learn from data and make decisions without explicit programming.","Artificial Intelligence has transformed various industries,including healthcare,finance,and marketing,through data analysis and predictive modeling.","contradiction"
"Sorting algorithms are crucial for arranging data elements in a specific order,enhancing search efficiency.","Data structures are fundamental for efficient data storage and retrieval in computer memory.","entailment"
"Agile development emphasizes iterative and customer-centric development,while Waterfall follows a sequential and plan-driven approach.","Software development methodologies like Agile and Waterfall offer different approaches to manage projects and development processes.","entailment"
"React.js,a popular front-end framework,offers a component-based architecture for building user interfaces.","Web development involves front-end and back-end development,where front-end focuses on user interface and back-end handles application logic.","entailment"
"iOS,developed by Apple Inc.,is known for its user-friendly interface and stringent app quality standards.","Mobile applications have transformed how people interact with technology,offering various services from social networking to e-commerce.","contradiction"
"Data visualization presents data in graphical formats,aiding in understanding patterns and trends.","Data mining extracts valuable insights from large datasets using statistical techniques and machine learning algorithms.","neutral"
"Internet of Things (IoT) involves connecting everyday objects to the internet,enabling data exchange and automation.","Computer networks enable devices to share resources and information,enabling global connectivity.","neutral"
"Ethical hacking simulates cyberattacks to identify system vulnerabilities and improve security.","Cybersecurity is vital for protecting computer systems and data from unauthorized access and cyberattacks.","entailment"
"Serverless computing allows developers to focus solely on writing code without managing server infrastructure.","Cloud computing enables businesses to scale applications dynamically based on demand.","entailment"
"Big data analytics can process and analyze unstructured data,including text,images,audio,and video data.","Big data analytics extracts valuable insights from vast and complex datasets using machine learning and statistical techniques.","entailment"
"Java,known for its platform independence,is commonly used for enterprise-level applications.","Python's user-friendly syntax makes it a preferred choice for beginners in programming.","contradiction"
"Python's extensive standard library offers a wide range of pre-built modules and functions,streamlining the development process.","Java's static typing provides increased code reliability and catches errors at compile-time.","entailment"
"Machine learning enables computers to learn from data and make decisions without explicit programming.","Artificial Intelligence has transformed various industries,including healthcare,finance,and marketing,through data analysis and predictive modeling.","contradiction"
"Sorting algorithms are crucial for arranging data elements in a specific order,enhancing search efficiency.","Data structures are fundamental for efficient data storage and retrieval in computer memory.","entailment"
"Agile development emphasizes iterative and customer-centric development,while Waterfall follows a sequential and plan-driven approach.","Software development methodologies like Agile and Waterfall offer different approaches to manage projects and development processes.","entailment"
"React.js,a popular front-end framework,offers a component-based architecture for building user interfaces.","Web development involves front-end and back-end development,where front-end focuses on user interface and back-end handles application logic.","entailment"
"iOS,developed by Apple Inc.,is known for its user-friendly interface and stringent app quality standards.","Mobile applications have transformed how people interact with technology,offering various services from social networking to e-commerce.","contradiction"
"Data visualization presents data in graphical formats,aiding in understanding patterns and trends.","Data mining extracts valuable insights from large datasets using statistical techniques and machine learning algorithms.","neutral"
"Internet of Things (IoT) involves connecting everyday objects to the internet,enabling data exchange and automation.","Computer networks enable devices to share resources and information,enabling global connectivity.","neutral"
"Ethical hacking simulates cyberattacks to identify system vulnerabilities and improve security.","Cybersecurity is vital for protecting computer systems and data from unauthorized access and cyberattacks.","entailment"
"Serverless computing allows developers to focus solely on writing code without managing server infrastructure.","Cloud computing enables businesses to scale applications dynamically based on demand.","entailment"
"Big data analytics can process and analyze unstructured data,including text,images,audio,and video data.","Big data analytics extracts valuable insights from vast and complex datasets using machine learning and statistical techniques.","entailment"
"Java,known for its platform independence,is commonly used for enterprise-level applications.","Python's user-friendly syntax makes it a preferred choice for beginners in programming.","contradiction"
"Python's extensive standard library offers a wide range of pre-built modules and functions,streamlining the development process.","Java's static typing provides increased code reliability and catches errors at compile-time.","entailment"
"Machine learning enables computers to learn from data and make decisions without explicit programming.","Artificial Intelligence has transformed various industries,including healthcare,finance,and marketing,through data analysis and predictive modeling.","contradiction"
"Sorting algorithms are crucial for arranging data elements in a specific order,enhancing search efficiency.","Data structures are fundamental for efficient data storage and retrieval in computer memory.","entailment"
"Agile development emphasizes iterative and customer-centric development,while Waterfall follows a sequential and plan-driven approach.","Software development methodologies like Agile and Waterfall offer different approaches to manage projects and development processes.","entailment"
"React.js,a popular front-end framework,offers a component-based architecture for building user interfaces.","Web development involves front-end and back-end development,where front-end focuses on user interface and back-end handles application logic.","entailment"
"iOS,developed by Apple Inc.,is known for its user-friendly interface and stringent app quality standards.","Mobile applications have transformed how people interact with technology,offering various services from social networking to e-commerce.","contradiction"
"Data visualization presents data in graphical formats,aiding in understanding patterns and trends.","Data mining extracts valuable insights from large datasets using statistical techniques and machine learning algorithms.","neutral"
"Internet of Things (IoT) involves connecting everyday objects to the internet,enabling data exchange and automation.","Computer networks enable devices to share resources and information,enabling global connectivity.","neutral"
"Ethical hacking simulates cyberattacks to identify system vulnerabilities and improve security.","Cybersecurity is vital for protecting computer systems and data from unauthorized access and cyberattacks.","entailment"
"Serverless computing allows developers to focus solely on writing code without managing server infrastructure.","Cloud computing enables businesses to scale applications dynamically based on demand.","entailment"
"Big data analytics can process and analyze unstructured data,including text,images,audio,and video data.","Big data analytics extracts valuable insights from vast and complex datasets using machine learning and statistical techniques.","entailment"
"Java,known for its platform independence,is commonly used for enterprise-level applications.","Python's user-friendly syntax makes it a preferred choice for beginners in programming.","contradiction"
"Python's extensive standard library offers a wide range of pre-built modules and functions,streamlining the development process.","Java's static typing provides increased code reliability and catches errors at compile-time.","entailment"
"Machine learning enables computers to learn from data and make decisions without explicit programming.","Artificial Intelligence has transformed various industries,including healthcare,finance,and marketing,through data analysis and predictive modeling.","contradiction"
"Sorting algorithms are crucial for arranging data elements in a specific order,enhancing search efficiency.","Data structures are fundamental for efficient data storage and retrieval in computer memory.","entailment"
"Agile development emphasizes iterative and customer-centric development,while Waterfall follows a sequential and plan-driven approach.","Software development methodologies like Agile and Waterfall offer different approaches to manage projects and development processes.","entailment"
"React.js,a popular front-end framework,offers a component-based architecture for building user interfaces.","Web development involves front-end and back-end development,where front-end focuses on user interface and back-end handles application logic.","entailment"
"HTTP,a stateless protocol,facilitates resource retrieval in web browsing.","TCP/IP,the backbone of the internet,ensures reliable data transmission between devices.","neutral"